{
  "path": "C:\\Users\\fairu\\Downloads\\To delete\\ChatGPT Image May 20, 2026, 02_20_13 PM.png",
  "autoload": true,
  "width_um": 4427.499999999992,
  "height_um": 4427.499999999992,
  "scale_um_per_px": 3.5714285714285716
}