{
  "workflow": {
    "bounds": [
      0.71,
      0.1621539958556643,
      0.28,
      0.17
    ]
  },
  "navigation": {
    "bounds": [
      0.44625000000000004,
      0.7649669978079952,
      0.24802083333333325,
      0.193575715759844
    ]
  },
  "motion_view": {
    "bounds": [
      0.7103124999999999,
      0.36494031518467174,
      0.14,
      0.26893074119076543
    ]
  },
  "status_activity": {
    "bounds": [
      0.44677083333333323,
      0.01,
      0.24958333333333338,
      0.7355048409405256
    ]
  },
  "relocation": {
    "bounds": [
      0.01,
      0.01,
      0.4,
      0.18
    ]
  },
  "utility": {
    "bounds": [
      0.7079166666666667,
      0.649090287402993,
      0.19260416666666658,
      0.3114337788578371
    ]
  }
}