time_s,cmd_x,cmd_y,actual_x,actual_y
0.000127,0.000,0.000,0.000,0.000
0.000613,10.000,5.000,6.638,2.689
